,Title,ReadNumber,Author,URL
0,"
                            物联网感知技术、传输技术、支撑技术和应用技术的介绍                        ",5417,"

                            duozhishidai                        
",https://blog.csdn.net/duozhishidai/article/details/88217537
1,"
                            音视频之ffmpeg时间基                        ",538,"

                            mr_x_                        
",https://blog.csdn.net/u010339039/article/details/88814751
2,"
                            5G如何与物联网结合？                        ",718,"

                            fadsf15                        
",https://blog.csdn.net/fadsf15/article/details/88790253
3,"
                            使用NASM和CL(或LINK)写HelloWorld                        ",53850,"

                            duweix                        
",https://blog.csdn.net/duweix/article/details/19911967
4,"
                            物联网技术体系的介绍                        ",5470,"

                            duozhishidai                        
",https://blog.csdn.net/duozhishidai/article/details/88217556
5,"
                            目前国内物联网产业，面临的机遇和挑战                        ",5449,"

                            人工智能爱好者                        
",https://blog.csdn.net/zhinengxuexi/article/details/88217904
6,"
                            世界最厉害的14位程序员，你认识几个？                        ",661,"

                            智云编程                        
",https://blog.csdn.net/mm782642353/article/details/88808720
7,"
                            使用/dev/mem内存映射的方式操作GPIO口                        ",5372,"

                            Mr_汤                        
",https://blog.csdn.net/tq384998430/article/details/53161192
8,"
                            解决tomcat启动时，端口被占用问题                        ",2661,"

                            liushun1223                        
",https://blog.csdn.net/liushun1223/article/details/78908374
9,"
                            音视频技术开发周刊 88期                        ",5140,"

                            LiveVideoStack_                        
",https://blog.csdn.net/vn9PLgZvnPs1522s82g/article/details/88266136
10,"
                            物联网行业想要取得快速发展，需要向哪几个趋势发展                        ",613,"

                            duozhishidai                        
",https://blog.csdn.net/duozhishidai/article/details/88808880
11,"
                            线程的3种实现方式--内核级线程, 用户级线程和混合型线程                        ",18992,"

                            JeanCheng                        
",https://blog.csdn.net/gatieme/article/details/51892437
12,"
                            关于SpringBoot bean无法注入的问题（与文件包位置有关）                        ",157662,"

                            gefangshuai                        
",https://blog.csdn.net/gefangshuai/article/details/50328451
13,"
                            WebViewClient与WebChromeClient的区别                        ",31277,"

                            linghu_java                        
",https://blog.csdn.net/linghu_java/article/details/6927439
14,"
                            Makefile经典教程(掌握这些足够)                        ",575439,"

                            ruglcc                        
",https://blog.csdn.net/ruglcc/article/details/7814546
15,"
                            音视频学习笔记----1，音视频编码技术基础                        ",4326,"

                            CGWLMXUP                        
",https://blog.csdn.net/xiaomucgwlmx/article/details/88016657
16,"
                            H264码流格式                        ",1106,"

                            rigensen                        
",https://blog.csdn.net/qq_39977813/article/details/88774219
17,"
                            【HTTP】Fiddler（一） - Fiddler简介                        ",302984,"

                            ohmygirl                        
",https://blog.csdn.net/ohmygirl/article/details/17846199
18,"
                            ListView滑动删除实现之四――Scroller类与listview缓慢滑动                        ",8679,"

                            启舰                        
",https://blog.csdn.net/harvic880925/article/details/45317951
19,"
                            音视频学习笔记----4，音视频编码基础学习之-webrtc基础到架构(音频处理)                        ",3348,"

                            CGWLMXUP                        
",https://blog.csdn.net/xiaomucgwlmx/article/details/88552090
20,"
                            音视频之解码相关                        ",758,"

                            mr_x_                        
",https://blog.csdn.net/u010339039/article/details/88797731
21,"
                            物联网时代来袭，智能快递柜到底方便了谁？                        ",475,"

                            智宇物联                        
",https://blog.csdn.net/qq_40798435/article/details/88846385
22,"
                            音视频之opengl渲染图片                        ",2668,"

                            mr_x_                        
",https://blog.csdn.net/u010339039/article/details/88595059
23,"
                            基于commons-pool2的elasticsearch客户端连接池实现                        ",2615,"

                            DreamMakers                        
",https://blog.csdn.net/andamajing/article/details/81153196
24,"
                            互联网环境下的物联网安全监控                        ",5419,"

                            weixin_34376986                        
",https://blog.csdn.net/weixin_34376986/article/details/88214815
25,"
                            android 6.0之后 android.permission.SYSTEM_ALERT_WINDOW使用方法变动                        ",19863,"

                            陈英有                        
",https://blog.csdn.net/chenlove1/article/details/52047105
26,"
                            某某最新《Java实战开发今日头条资讯网站》                        ",2544,"

                            　　J1ee_                        
",https://blog.csdn.net/Joey1ee/article/details/88639065
27,"
                            2019世界物联网博览会                        ",6948,"

                            weixin_44466855                        
",https://blog.csdn.net/weixin_44466855/article/details/86159954
28,"
                            Unity-Loom的多线程研究及优化                        ",12115,"

                            掌心朝下                        
",https://blog.csdn.net/wlz1992614/article/details/52326881
29,"
                            html5预览上传图片缩略图                        ",5523,"

                            猴子年华                        
",https://blog.csdn.net/Lg632/article/details/48523879
30,"
                            清华斯坦福双学历程序员，十年经验找不到工作，这是在开玩笑嘛？                        ",5119,"

                            IT 小 光头                        
",https://blog.csdn.net/qun784783012/article/details/88557465
31,"
                            py-faster-rcnn配置运行demo.py（Ubuntu14.04）                        ",21237,"

                            samylee                        
",https://blog.csdn.net/samylee/article/details/51086153
32,"
                            MyFFmpeg-我的音视频练习app                        ",1817,"

                            mr_x_                        
",https://blog.csdn.net/u010339039/article/details/88719382
33,"
                            资讯--2018年2月                        ",5107,"

                            whitenightwu                        
",https://blog.csdn.net/wydbyxr/article/details/88311683
34,"
                            【青松资讯】2018年金融行业网络威胁报告                        ",871,"

                            qssec__com                        
",https://blog.csdn.net/qssec__com/article/details/88787726
35,"
                            物联网时代，智能电表能发挥哪些作用？                        ",569,"

                            智宇物联                        
",https://blog.csdn.net/qq_40798435/article/details/88821548
36,"
                            人工智能数学之信息论                        ",435,"

                            小男同学                        
",https://blog.csdn.net/weixin_40192195/article/details/88807562
37,"
                            关于api-ms-win-crt-runtimel1-1-0.dll缺失的解决方案                        ",1440619,"

                            萧易桥                        
",https://blog.csdn.net/huqiao1206/article/details/50768481
38,"
                            深入学习 Redis（2）：持久化                        ",5155,"

                            qq_43173244                        
",https://blog.csdn.net/qq_43173244/article/details/88285523
39,"
                            人工智能正造福全人类                        ",5583,"

                            fxj2019                        
",https://blog.csdn.net/fxj2019/article/details/88167771
40,"
                            树莓派与Arduino的区别                        ",6725,"

                            #北冥有鱼                        
",https://blog.csdn.net/weixin_43954533/article/details/88046344
41,"
                            2019世界物联网博览会                        ",6948,"

                            weixin_44466855                        
",https://blog.csdn.net/weixin_44466855/article/details/86159954
42,"
                            SQL――数据更新                        ",6576,"

                            carrot_guo                        
",https://blog.csdn.net/carrot_guo/article/details/88073208
43,"
                            使用/dev/mem内存映射的方式操作GPIO口                        ",5372,"

                            Mr_汤                        
",https://blog.csdn.net/tq384998430/article/details/53161192
44,"
                            DirectX修复工具增强版                        ",1901935,"

                            VBcom                        
",https://blog.csdn.net/VBcom/article/details/7245186
45,"
                            人工智能的发展关键在“人”                        ",2299,"

                            AiChinaTech                        
",https://blog.csdn.net/sinat_15603323/article/details/88174829
46,"
                            学习排序算法（二）：Pairwise方法之RankNet                        ",14416,"

                            bigface1234fdfg                        
",https://blog.csdn.net/puqutogether/article/details/42124491
47,"
                            物联网时代，智能电表能发挥哪些作用？                        ",569,"

                            智宇物联                        
",https://blog.csdn.net/qq_40798435/article/details/88821548
48,"
                            人工智能之知识图谱                        ",5854,"

                            GitChat的博客                        
",https://blog.csdn.net/valada/article/details/88263685
49,"
                            物联网行业想要取得快速发展，需要向哪几个趋势发展                        ",613,"

                            duozhishidai                        
",https://blog.csdn.net/duozhishidai/article/details/88808880
50,"
                            一种面向多种特征的身份认证方法                        ",5695,"

                            41382455                        
",https://blog.csdn.net/qq_41382455/article/details/88200786
51,"
                            人工智能-自然语言处理-知识解构                        ",1458,"

                            YSSY6886                        
",https://blog.csdn.net/YSSY6886/article/details/88763649
52,"
                            人工智能 ―― 谓词逻辑表示法                        ",2172,"

                            starter_zheng                        
",https://blog.csdn.net/starter_____/article/details/88638857
53,"
                            微信支付V3微信公众号支付PHP教程(thinkPHP5公众号支付)/JSSDK的使用                        ",143492,"

                            MarsWill                        
",https://blog.csdn.net/hayixia606/article/details/79237220
54,"
                            数据库的关联查询                        ",2768,"

                            小羽飞                        
",https://blog.csdn.net/weixin_44303465/article/details/88620173
55,"
                            web开发com.opensymphony.xwork2.util.finder.UrlSet.<init>V异常及解决办法                        ",2492,"

                            二三三                        
",https://blog.csdn.net/qq_30408111/article/details/52913078
56,"
                            spring加载bean实例化顺序                        ",49521,"

                            民国周先生                        
",https://blog.csdn.net/zhousenshan/article/details/53107084
57,"
                            互联网环境下的物联网安全监控                        ",5419,"

                            weixin_34376986                        
",https://blog.csdn.net/weixin_34376986/article/details/88214815
58,"
                            Android  Service与Activity之间通信的几种方式                        ",206841,"

                            xiaanming                        
",https://blog.csdn.net/xiaanming/article/details/9750689
59,"
                            Linux国内常用源的介绍和使用（Ubuntu16.04为例）                        ",46609,"

                            Bleachswh                        
",https://blog.csdn.net/Bleachswh/article/details/51423585
60,"
                            关于SpringBoot bean无法注入的问题（与文件包位置有关）                        ",157662,"

                            gefangshuai                        
",https://blog.csdn.net/gefangshuai/article/details/50328451
61,"
                            神经网络与人工智能                        ",1114,"

                            cat tree                        
",https://blog.csdn.net/qq_41860637/article/details/88781740
62,"
                            阿里物联网平台的使用                        ",743,"

                            galaxyzwj                        
",https://blog.csdn.net/zz531987464/article/details/88797503
63,"
                            【HTTP】Fiddler（一） - Fiddler简介                        ",302984,"

                            ohmygirl                        
",https://blog.csdn.net/ohmygirl/article/details/17846199
64,"
                            NB-IoT 的“前世今生”                        ",7231,"

                            个推开发者                        
",https://blog.csdn.net/Androilly/article/details/87969739
65,"
                            WebViewClient与WebChromeClient的区别                        ",31277,"

                            linghu_java                        
",https://blog.csdn.net/linghu_java/article/details/6927439
66,"
                            webService学习（二）―― 调用自定义对象参数                        ",20045,"

                            0day__                        
",https://blog.csdn.net/wild46cat/article/details/54572361
67,"
                            [人工智能]五子棋                        ",3947,"

                            Pec'ony                        
",https://blog.csdn.net/Pecony/article/details/83041370
68,"
                            5G如何与物联网结合？                        ",718,"

                            fadsf15                        
",https://blog.csdn.net/fadsf15/article/details/88790253
69,"
                            mysql 存储引擎简介     --小丑                        ",308,"

                            Ⅰ何以忘离忧                        
",https://blog.csdn.net/weixin_44535476/article/details/88835501
70,"
                            plsql的命令（command）窗口与sql窗口有什么区别20170620                        ",32054,"

                            Ape55                        
",https://blog.csdn.net/Ape55/article/details/73530419
71,"
                            配置简单功能强大的excel工具类搞定excel导入导出工具类(一)                        ",43623,"

                            天赋吉运李坤                        
",https://blog.csdn.net/lk_blog/article/details/8007777
